id,F1,F2,F3,F4,F5,F6,F7,F8,F9,F10,F11,F12,F13,F14,F15,F16,F17,F18,F19,F20,F21,F22,F23,F24,F25,F26,F27,F28
FOODS_1_023_CA_3_validation,3.583832410367674,3.5282956662423746,3.15673994354749,3.52017573885401,3.079798136739502,4.01367223422832,4.343424343638683,4.4966305539196165,5.11545293449279,4.838806276548867,5.546712660164972,5.278220109717567,4.112472248248722,4.5855038315863155,4.386890458610407,6.101092943509519,3.7859147553276538,4.431612802448871,4.597553416932731,4.034794324872367,4.150392608660103,3.740963009467814,4.485755052599504,4.282079238914266,3.672989652121306,4.808818851518535,3.753900553390451,4.484109704345994
FOODS_1_083_WI_3_validation,1.0890309297489622,1.132862016716459,1.0393147978425177,0.999457616242565,1.0640955236525684,1.3338904773801818,1.1748995186926203,0.9412811168744868,1.1560386094431865,0.9054361719672284,0.8523016105924551,0.8613000318430226,0.8740811338230409,0.8223350479717614,0.7192151594042441,0.82924414914327,0.5986471149306384,0.550845760653388,0.5542030607165949,1.1239800594160527,0.6840308650163018,0.7239084956818209,0.5784027264303274,1.120923468056972,0.5118113259112104,0.9433545680146896,1.9813840261120177,0.4320044554639949
FOODS_1_088_WI_3_validation,0.6257374810171469,0.6252000403274658,0.6808915193783067,0.7083549485191206,0.6391996765273781,1.4667957274632155,0.819323181024934,0.430351686733454,0.6122192833298021,0.5500373008615491,0.7606350929662751,0.7545903874446264,1.303505054204935,0.6648085033930172,0.6665656780703291,0.6797679877990939,0.4565667758529541,0.6815152969025757,0.7641378658038571,1.185827500815432,0.5395793658727737,0.5413938951435987,0.5590439049347885,0.5505286120960846,0.4226238794747189,0.4561836251501541,0.99997784126077,0.6044372684614381
FOODS_1_099_TX_3_validation,6.219302933715181,5.745312970828873,6.665775796080639,6.449293273929889,7.85183015284578,8.986146609545345,8.229787088553778,6.6670744690291865,7.404527801486492,7.127800395300541,6.813824672513155,8.336846585369823,9.745059206185266,8.686828021991147,7.310087305777663,8.558811388365365,7.262968623010437,6.390429970522402,8.870526426673004,8.868804231593625,7.745518623477481,6.206228390843518,6.2949701333604295,6.669419869737778,6.6445160421809195,7.410385690230558,8.814695222277175,7.803562088784318
FOODS_1_107_CA_2_validation,0.6443833240481145,0.419127790157386,0.6003496885366829,0.391457385871454,0.3939500911004486,0.6840384091371976,0.6674453918397092,0.908519697209522,0.513389151060247,0.6743984894523115,0.4063302608930038,0.4000941431411191,0.5529387173925367,0.563568071125037,1.0323756032999745,0.4404024391641759,0.8952106218757959,0.5286478474032987,0.5667381036852007,0.6163613029113767,0.5185493937906485,0.8917654203990487,0.3937515648871493,0.7090845133300203,0.4970192501283907,0.6595818748155299,0.8571393743728323,0.4793511164417372
FOODS_1_145_CA_4_validation,1.0695682161711404,0.8771629163786113,1.2227308224644426,1.241028603328134,1.1242635838603396,1.5868759105824808,1.4538981068845584,1.002306706764608,1.0090319380272703,1.360184516700615,1.173635013366332,1.2271741493807002,1.4230639246266572,1.512119747895779,0.987525790812596,1.108307770726731,1.2016197240966406,1.0577749929849412,1.225351205671309,1.0602250916758638,1.767880212228418,1.0211339195604645,1.357037759061319,1.5297457150501703,1.197766761635241,1.3686307226838714,1.0532587122274737,1.4117632570970158
FOODS_1_153_CA_2_validation,1.7047839733571766,1.2441957402153612,1.0602839763038634,1.348884991683559,1.3224553243059325,1.5231102222801718,1.12672336757733,1.5864683543912717,1.2676836417461244,0.9223279796080258,1.285168962895615,1.8597033057390673,1.4041454989488826,1.1244143072855746,1.3941365482009302,1.3019915094344807,0.7896551287001538,1.0798805216259566,1.802213275685055,1.5583788105391434,0.8074740814495688,1.1524319148793345,1.3334468564332698,0.8722381078758535,1.231869919477965,1.6140095431731547,2.0062278633981276,1.789936760053315
FOODS_2_012_WI_3_validation,0.0935052771778021,0.1380288125092673,0.0865198172958799,0.0865198172958799,0.1260337916364008,0.1564131344757142,0.4410073394419277,0.1364566254546919,0.1978906111462368,0.6579033888096505,0.1692492545512012,0.1870716635082089,0.2301750782375099,0.2268504669861757,0.2175555570736534,0.1905378383559147,0.4206045869818013,0.1726316250607888,0.1689757541346222,0.1441833978728605,0.8529700057939061,0.1065409638153894,0.0995555039334671,0.2334058245571343,0.0995555039334671,0.1098087144872703,0.1326188589233791,0.69997453220417
FOODS_2_043_CA_3_validation,0.92149660610946,0.5679321077162436,0.7617394698561041,0.6365932133889532,0.628501324428012,1.0686697571439034,1.0948218151754892,0.7934328612654559,0.6710049719295667,0.7570423459069172,0.753955739165774,0.7874447854211395,0.9654042247694504,1.2657934500714665,0.5833586456648885,0.8055887754013793,0.7024019275487197,0.464990066965629,0.4981077265043986,0.6997041722004881,0.8504345824496226,0.7129077686202837,0.6625223814562011,0.8212019938798727,0.5276620966366379,0.6381704997744729,1.371727701632941,0.67019551378315
FOODS_2_046_TX_1_validation,0.5264724126714125,0.3048470594177206,0.35977169434228,0.4033903336628366,0.6369382634295698,0.5263142094172147,0.2929970094311693,0.3815436682593388,0.4751438386796172,0.3065749337490027,0.3235750899114464,0.3878531310072021,0.6492435547687233,0.254150330958556,0.3194983487965582,0.3504748826526233,0.2335465589742754,0.2688936896058387,0.3220586084519171,0.5752736375660589,0.3950943564450991,0.3391674646222891,0.2443968466042624,0.5096559421323812,0.2160614515313207,0.2449319387220927,0.4903397629074554,0.7787432027634036
FOODS_2_069_WI_2_validation,0.2449896477841593,0.274328647706879,0.466942297516952,0.5694794141270559,0.275252382894373,0.551473331341181,0.7238370898991979,0.3018648318772542,0.3496631575907836,0.4621781579046681,0.5173557961608467,0.2849220919669927,0.4629036969143867,0.4304597726532728,0.4563474867901552,0.4493620269082329,0.225261271576383,0.5473091355859055,0.2066229266416249,0.2343666621926289,0.2502207480818206,0.4194984026351905,0.6115028279864222,0.1513606049923872,0.3318739573979323,0.2090119623009154,0.4567920678964252,0.3103266522420462
FOODS_2_088_WI_3_validation,0.3412944719465793,0.3892336469892165,0.2649679014318463,0.2394269124364124,0.3534897996848437,0.8712818868450167,0.9766128410554966,0.4146040221208868,0.3573128488238308,0.3005042169313305,0.2677453528443612,0.3280114672486676,0.6541340077218865,0.6739125973448151,0.3901985726984003,0.4676401623243597,0.3788145964260788,0.6145338469089723,0.4436298932254192,0.8031162454373698,0.5200275675695221,0.2172082850965484,0.2563112710934671,0.3859424354542511,0.4021113674564386,0.2690414727832035,0.5871665077706075,0.5243634181772852
FOODS_2_092_CA_1_validation,0.6832986964745625,0.3924530991769728,0.3409441039635854,0.4589258442358629,0.6061616665371974,0.5758755914655068,1.1109771301592666,0.7043570408640621,0.4704396992258013,0.4672737543290961,0.5670817476623011,0.5016433249010481,0.5271025641961521,0.8948131300055865,0.5833802655973368,0.4123248620782374,0.4022278214607709,0.4459232442092969,0.475075967826822,0.4026247590292784,0.5532977377742508,0.3994703870124423,0.3709752863459967,0.3709752863459967,0.4145312815521093,0.3815550382170988,0.4158978926099499,0.6389118409775871
FOODS_2_102_WI_3_validation,0.1627245888074183,0.4637340237353336,0.2939758123341365,0.1557391289254961,0.2229023431725643,0.8614837174714548,0.2924852327020935,0.1776783357046309,0.6551902844085007,0.309565559881829,0.2284085131735618,0.2630268208414338,0.6708208330666501,0.258419493661099,0.4835082436188902,0.6497671641910869,0.3545936590866653,0.191501251035478,0.2350769862627332,0.3020481468024593,0.2587173789645075,0.3224189293378698,0.3917023855244957,0.337027445414403,0.2305938152764561,0.2455129768627343,0.2354414235569939,0.4127884385973832
FOODS_2_116_WI_3_validation,0.6483118893501985,0.5223982847227965,1.0192491049718353,0.4492681256967337,0.5453827050177334,0.7642711845413768,0.9253729394629367,0.7116516991685103,0.6697308857340072,1.5389406624776023,0.4252263424247952,0.6390828050660864,0.7885359791110064,0.7221110873858645,0.8842667801184467,0.6131839931551966,1.3411030242882085,0.4712576158493068,0.9241645391882444,0.90167405934046,0.9598546506694888,0.5786421856251529,0.662331249436001,1.0322658342053177,0.4061016307436904,0.6688664324215848,0.964379002399306,1.1247236422132978
FOODS_2_120_WI_3_validation,0.4301773992064794,0.295091206563835,0.161240885940168,0.20146878241011,0.7289265485921944,0.5458897500162156,0.686048322414439,0.7517023800081684,0.4387663596924802,0.8111543443714263,0.3370228160721441,0.8164842846770116,0.5811131316325312,0.7560105347312852,0.9587251942939952,0.6576401050508841,0.7706998739876224,0.4085023701019302,0.5931585518724668,0.4550566729623507,0.6015550210076369,0.6094982790286758,0.6249026629597592,0.5998662127242326,0.3888378684610297,0.5536137217297554,0.3765058085207075,0.4596014423824499
FOODS_2_121_WI_2_validation,2.3995871234481494,2.1810912220387215,2.4456391080960596,2.2455548749698586,2.49353911762256,3.415806428714741,2.613112403911393,2.762803150813304,2.6180257551767268,3.1297545459147247,2.147008571232383,2.238718844019937,3.211544573192209,2.960758735947152,2.1759127206196953,2.9386403831253545,2.3840084241416064,2.5432292995903163,3.23608407344486,2.8687171503689406,3.1184517892802868,1.8946015390683175,2.3022689154664513,2.312488194352447,2.1803916967489587,2.9487962031545663,2.7129800497804633,2.5916190944069952
FOODS_2_150_WI_2_validation,0.1390818135914565,0.1320963537095344,0.1320963537095344,0.1320963537095344,0.1849420036352064,0.2292575391509429,0.2384611246213977,0.1641342568412724,0.7338625964786507,1.0780625502822012,0.1684022699666918,1.3857865020647824,1.5321052623385891,0.6181282720492343,1.4146711472797713,1.5011504684788088,1.170357240179638,1.604444306466694,2.198879333419425,2.042551658681886,1.6772163393559096,0.8801550081122383,0.6156775301075714,1.157240252916618,1.72726328304934,1.3062716946461772,1.8302561030621611,2.2733123487158027
FOODS_2_195_CA_1_validation,0.3914590184151829,0.5645226526594795,0.3736320241890132,0.2558585227494581,0.482156328226581,0.3273608765045515,0.3405447146811792,0.3908121548109809,0.7157629564474206,0.3341868690451369,0.2708822600050833,0.5829744675790389,0.5483349633555272,0.3093003604075167,0.2746292591113212,0.4379333594114438,0.3182090465469429,0.2898802101445688,0.4980231047580645,0.4638634249383307,0.3428157412818939,0.328258526981083,0.2353281626078301,0.152246973201221,0.152246973201221,0.4141605019020135,0.3047125414829406,0.2374709935103907
FOODS_2_243_CA_3_validation,0.5287070009222647,0.3217058328765327,0.270906617261146,0.4029050108951272,0.3182554297803071,0.2674520929399676,0.531253075523495,0.4772347953717782,0.2071880212177832,0.2187525601672647,0.3663857207340533,0.4445877911754564,0.5264143792161873,0.6660559556443633,0.7679165012271019,0.2445854985880133,0.2337812802341399,0.2528423877334845,0.7060106604116114,0.3222300061336416,0.5691857984197785,0.4733433370616901,0.1993653632119424,0.3402203229941611,0.5851266832849515,0.5640491621462711,0.3544500229987373,0.5306780430106279
FOODS_2_295_TX_1_validation,0.2598145922709826,0.3660523487636059,0.0562327568054277,0.0562327568054277,0.0975316550027356,0.177422607280389,0.4696635287268962,0.439988825001012,0.3210014908510796,0.1719247578564424,0.1604849796049984,0.1470611737551139,0.2035909264816278,0.283734703624059,0.3277945972098812,0.178943478975386,0.1449414620517224,0.332414967146493,0.175521277593859,0.1008606507448211,0.1681021987173715,0.1559869986747432,0.0562327568054277,0.0562327568054277,0.1626663869433747,0.0664859673592312,0.0892961117953398,0.118185884322119
FOODS_2_309_CA_2_validation,2.187889937311393,1.4441754138349765,1.8475007178884857,1.5398739477006282,2.3188927998535274,1.5473455902483346,2.60437183729116,2.2571948330836897,1.8115948702582536,2.241205221063078,1.9054932391151371,2.083594564668555,2.072974551492593,2.9142960489328207,2.5550578654359755,2.3710586231761166,2.3483968113554927,1.977783103344529,1.7696103207392992,2.412279000548402,2.6475534548308404,2.5712422418526257,2.3484695497866577,1.911175391861425,1.7756809460337912,2.0130661331167454,2.6987515475843455,3.3128830649925645
FOODS_2_318_WI_3_validation,2.2073520624928435,2.1673674870270188,2.598991966843417,1.990123187833344,2.6051206368762485,3.309451493980998,4.244185861327963,2.366629112606621,2.234592978997893,3.2019040425861265,2.0446122669801077,2.6529763696982185,3.0294031102520975,3.843235739765012,2.5085169203389035,2.736413198774918,2.127948329892544,2.1219228551533855,3.0840400302744535,2.8068124010980893,3.8749996670886406,2.5363077767677327,2.7023273258301237,2.0252250682815727,2.436249518916827,2.433714333958052,2.566920846024069,3.907369150607695
FOODS_3_017_CA_1_validation,0.2670702473512517,0.6279933840028893,0.088039506908328,0.4941430633792222,0.2198037203340162,0.2077428722055632,0.7130514885651885,0.1859217395962228,0.2808520216960352,0.1512628871435803,0.2510708804767858,0.2044950311761944,0.2425474433473474,0.3524826877747417,0.1745828179811407,0.1831413023822901,0.1162356298723233,0.1599310526208488,0.1461813255068136,0.1600626627453515,0.2273042107179018,0.0981723131740678,0.2871969028816019,0.0867604778405133,0.1145266483242874,0.1427738973940872,0.1846628883324203,0.4041269623506811
FOODS_3_038_TX_2_validation,0.6386582981587403,0.318176410385795,0.5162474296458861,0.1455033011882742,0.3205175391838799,0.2895038182349773,0.296207172425405,0.5215090577671003,0.4496420395611416,0.5757931008385393,0.5903302831557179,0.4655885805462578,0.4618053279287513,0.5944490791272465,0.4455590837737779,0.397136211511874,0.424661267601202,0.5067591067524216,0.4714011408699884,0.4498008839142771,0.722031756278554,0.4281963790087075,0.3496530390183343,0.2952436021413656,0.6392861832397023,0.2985982247781626,0.3321664619974873,0.692059987432034
FOODS_3_074_TX_2_validation,1.4046099697304053,1.3883484612432029,1.0967311256649015,1.0967311256649015,1.6222069095760507,1.498155957313399,2.191369500727524,1.4838384253388543,1.5957691435879042,1.1659815696094395,1.319436175880847,1.4574026366298416,1.218248921737936,1.7672177138968166,1.32062323914665,1.3617876831638782,1.156349909353787,1.1386587498908238,1.3840112336488126,1.106740660728886,1.791786268599278,1.361678043991004,0.9671254123507648,1.0480873357941682,1.0071429943182746,1.2864555323528912,1.2085953367917963,1.8471254885757071
FOODS_3_093_TX_2_validation,3.038768510701414,3.156538269240533,4.822381039382476,4.509515104867046,6.065559150183394,7.806533087847257,6.801075631910071,4.273483521920933,5.874543245354151,6.468576596587408,5.527102145918914,6.10197720948405,8.482858052895528,6.366341042918282,4.912456693822607,5.7327568291532405,6.147147452018009,4.744037141808004,6.540749798183468,7.340652860772055,5.040072869303172,4.975613264284604,4.651245185941371,3.931868648816129,4.492601020651195,5.288533927878731,7.012313685519093,4.439220320399708
FOODS_3_104_TX_1_validation,0.4319505465293394,0.4000615798464233,0.6567876520610847,0.7503135619337438,0.8431413413023665,0.6148279197164617,0.5353797181682258,0.5781502535596328,0.4468652602464015,0.568357426723544,1.1565885260985909,0.7028351355383208,0.7148303663180436,0.590000355406356,0.6982187498533574,0.3458907870943888,0.3886989808801352,0.8340230318158499,0.7181463935578795,0.4397596289217024,0.4397596289217024,0.4481625106074411,0.4200290311707599,0.2699767617122565,0.6986940880172422,0.540012170186921,0.4564678948297636,0.4273688361623298
FOODS_3_110_CA_4_validation,0.3805255534240773,0.6853676543075197,0.7167674058496359,0.3002579967387456,0.5101401226120816,0.7892549124284574,0.8318771898642605,0.5351011765271511,0.6299069292731473,0.6219721035494462,0.2638829276869451,0.3804842181124993,0.7737771469357336,0.6044452807423102,0.7053273666979151,0.4683590895603014,0.5106301817787612,0.4056650600887763,0.5165888972958668,0.5641908630999893,0.5090628700387411,0.5654001618264833,0.3331360387052978,0.4181922543456272,0.4954206448266423,0.5304032048306644,0.703505119150618,0.8340656695175219
FOODS_3_119_TX_1_validation,0.3495496466459707,0.281392202561953,0.3789896436541818,0.2845581474586582,0.3316752662967658,0.3548499046370214,0.5603460573616768,0.6139883799405413,0.5172285828778846,0.39384070390015,0.4422042468874662,0.2772791819750124,0.5897897867918457,0.5574691724152088,0.50327268455421,0.5570892230921513,0.2843462732181002,0.3746180387742232,0.2741424880284595,0.3615598881558295,0.4288014361283798,0.3286628519404185,0.3396902092887441,0.1689198603759212,0.2204288555893089,0.1638313667184594,0.2444046554788646,0.2657238951559954
FOODS_3_134_WI_1_validation,1.851289835559184,2.2444204765764,2.2147797076028124,1.0976452225111757,2.3693466211242784,2.593342575396619,2.424645033648694,1.266451021712555,2.399952202192226,2.2380822985148843,1.8316690605911092,2.350180199371937,3.3238617628045652,3.5075770103243697,1.8794878259825267,2.05380721268465,1.7840644558874723,1.8692350992325488,2.654813856297015,3.052186644829906,3.3152072064820093,1.5277421065453245,1.783999830556246,2.4241941346976805,1.3779965894467787,2.0435079500388063,2.867137826606941,3.85088552434437
FOODS_3_150_CA_4_validation,3.463967833955548,2.946787241371227,2.902730650656697,3.059827828427759,3.9262647938998954,4.967797109893846,5.333490025336932,3.606030725633092,3.8529968758472033,4.6317701973666185,3.5993569282332216,3.563414118705259,3.299804414312755,4.0469771148479525,4.806990838577623,4.378073157944,3.421500921165924,4.762489052292175,3.6128177647281614,4.821103827182185,4.454040242147053,3.1506954260431623,3.448301095932503,2.821650206755632,3.9959599394448815,3.712316375242987,4.910998383270476,5.889097976359768
FOODS_3_150_WI_2_validation,21.887808863298908,17.33122633897061,24.661272043180155,20.61703485492996,30.582045708428726,43.43652403172835,38.94628050075255,17.946060306200447,24.406270520586844,32.42806755900249,21.66215119796446,34.61152360974352,44.30540327627833,30.20198605190575,23.53076233033161,24.198407531005323,24.223802953480305,21.006655854332344,28.37883924852636,31.157052453892987,20.881493084617063,17.83643299694554,19.54051204361421,18.78901927482237,17.85251749881822,22.23863005086688,28.89180572627761,19.950145681146456
FOODS_3_190_TX_1_validation,0.7089761271264859,0.7965206803002091,0.5921099075557623,0.8361895871651155,0.7396423261046781,1.4758016870708666,1.3161274992420866,0.7661040780942457,0.9889421411723088,0.5495798377389093,0.8020447795192146,0.6335867041272132,1.3133398124214484,0.80464140783493,0.6037316578725551,0.8150842524904292,0.8210075847039399,0.6950733707025366,0.6126211424209572,1.25089023900496,0.6747714978831497,1.0578226576321146,0.8768250735580692,0.8323693373742767,0.7791656426952533,0.668036908772143,1.2235171817265775,0.7597520824025491
FOODS_3_254_WI_1_validation,0.795089427820903,0.812807961793987,1.0724169969357011,0.9526031418182714,1.1296973685654883,1.537607320176242,1.222143233508662,1.469228132650305,0.8424253854057039,0.8862461697412667,1.0149157698799258,1.0716643965759085,1.888874588695792,1.0029383043931257,1.0277352244104487,0.7276727139105555,0.6924809238877029,0.9526690985085008,4.9465844571365425,1.5484601724649565,0.9387160828035992,1.0204053685781134,0.7391925036817055,0.618254779355232,0.9620596735629092,2.8223026417688257,1.2104044764531767,1.2757706342010562
FOODS_3_289_CA_3_validation,1.2300600427430544,1.1618081796596285,1.261337642510975,1.372804292988942,1.3403853683497142,1.4722985609756862,1.737536928587635,1.3716504828359983,1.4137675223971875,1.5120217893173442,1.434561627233489,1.4065757041357343,1.5296354736382858,1.5621118555125266,1.280336422874128,0.9697196471269144,1.25137202026179,1.4823801009498636,1.1402543751754255,1.2500050652252936,1.5437071212675346,1.0798490035128012,0.8604428705146652,1.3929574121431794,1.1830055325159554,1.2157491913332956,1.484748312683888,1.632961180559351
FOODS_3_298_TX_2_validation,0.167462130058005,0.3129954725923634,0.1403252180350487,0.1403252180350487,0.2953605105212825,0.2362665383840393,0.6912262822294473,0.3457856510671873,0.3288346346300373,0.1959650874807454,0.1845253092293014,0.2017411913062843,0.4820081421989053,0.5918087142595142,0.3420788540571735,0.4559956320757806,0.2007970864511211,0.1878011667660024,0.2198123630437763,0.3220011058146768,0.5932541002842637,0.2074065863219111,0.4225950476270154,0.1721405128101444,0.1721405128101444,0.1870596743964228,0.2878694595882977,1.0693091835427384
FOODS_3_298_WI_2_validation,0.3458866166867897,0.407367464783486,0.7086690115630091,0.7223691015161532,1.6554449946769698,0.8113946650767792,0.9192493706241208,0.4576490012070111,0.4659133864755829,0.672189846942437,0.6478151829092774,1.753061457097421,0.6817310354020624,0.8218558425176029,0.4575350613725964,0.6436229405944617,0.5027018513492051,0.8028359143393268,1.1107007956431814,0.5388391064768859,0.802146920335011,0.4351067363602527,0.3936999468340583,0.3708477402941113,0.6185740983641931,0.7237918841336067,0.7898707175734477,0.9286936371994972
FOODS_3_299_TX_2_validation,2.653971475711446,1.8876909274608196,2.5692356943729524,2.960917605913186,3.8971443259819303,4.19944570195737,4.22486863261684,3.198719485532296,2.41369080405075,3.1046345532101425,3.9158558125638465,4.175942241112966,3.7138403161800655,4.270412573454937,3.3452659413308683,2.7221133249846856,2.6877528443487635,3.94037446000095,4.361289295256708,4.236292980568585,4.129576573864941,3.0139902051260377,2.2484291192132098,3.0681461885750956,3.6149660552202647,3.8784475262801577,4.362921658489467,4.251374905266269
FOODS_3_336_CA_3_validation,0.2122521308941694,0.1999008209088886,0.1999008209088886,0.1999008209088886,0.5017689177005855,0.3141658561101933,0.3240460395711329,0.2472135330351223,0.2616094458929006,0.2616094458929006,0.246792294047668,1.1147342723783484,0.5882518086076456,1.4005196947020049,0.4881753193628563,0.4758240093775753,0.9446047678014158,0.63156444244636,1.759510681856245,0.3854349857804446,0.8542539299396695,0.3965054266924958,1.0102002389483455,0.6400449735242103,0.845487904678969,0.9327795795296924,0.5561940758228281,1.0542813455699762
FOODS_3_348_TX_3_validation,4.328635840859615,4.049676667733458,3.4103611896452595,4.125358290368047,4.3561751096491435,4.846982771247857,5.9521652958386575,4.481209833290537,5.1567760207947435,4.106447170396837,4.392573885836393,3.6418996162328807,4.8672946587488095,5.098237961682936,4.22613194177296,4.8667871569173435,4.326189206527034,3.4368721635918367,3.129053577235373,5.412244904653631,5.268548926669252,3.793073370699488,4.262253315910223,4.120465225875196,4.246411390013531,3.8597643227274943,4.709870038796454,4.779548304708033
FOODS_3_490_WI_3_validation,0.5083810961219999,0.639782989897824,0.1601574346286923,0.2085004849453746,0.433800444976873,0.6584462534491724,0.6406070061667455,0.4673067395928674,0.912093731427262,0.6629008395617599,0.6030338690538927,0.537468483863983,0.6261495846109394,0.989640657747565,0.4205978637320884,0.6158562294493845,0.6014212452261795,0.4284900975496303,0.4224408345314388,0.8396129937255761,0.8867672130495241,0.2704157324267528,0.3947052292984989,0.4897989881348371,0.3833653579968906,0.3921075688174627,0.7177391157950466,0.7616730460200339
FOODS_3_502_WI_3_validation,0.9086121661709914,1.1189285997820526,0.3161188690878398,0.5996326129081067,0.4891117928509871,0.6655768146233572,0.6903605016738389,1.0167957083734387,1.115480500637109,0.8504140127467376,0.9223523966625724,0.664957931026495,0.8497412304607871,0.7830658336298294,0.8735579046588047,0.8531453435471622,0.9588471353656176,0.6827269430122742,0.5733724272255302,0.6082052979907051,0.723433326799144,0.6640184552473608,0.7292088074012921,0.8601122753359023,0.7986432067620632,0.6524606466832387,0.6885632541758798,1.1306736849159902
FOODS_3_515_CA_1_validation,1.7800839610194592,2.09344139200935,2.4363030139352504,2.274471871331752,2.277694778697353,3.26963296878098,2.920862820961126,2.30443653890804,2.3757702963867113,2.6993892071265533,2.212561607805279,1.8001473522626867,2.7886113042280996,2.6458924862098345,1.826359045877124,2.447318016805254,2.0857612456107573,1.9289937020773655,2.896461781298195,2.43548911244661,2.869000923318517,1.9797459891503528,2.489801821287039,2.4379710632585945,1.9771055563885052,2.505950715145881,2.3712893390339342,2.4774544584754525
FOODS_3_552_CA_2_validation,1.4505540078683583,1.6270787862268064,1.5996448385161584,1.2141042131984203,2.45607997540446,2.006968108803125,2.1667011063153936,2.3165620442924135,2.4348960889596047,1.8545720493737252,1.5166348475477978,2.5463091310138712,2.5610139720559775,2.0085919377770436,2.406441043387149,1.6704123484051343,1.364077875781965,1.4329829285408449,2.811638634531496,2.289391422192561,2.496096963731257,1.9045733974795789,1.1836478654481863,1.8066312638879665,1.5603949817063154,2.442182012724866,1.808082537669192,2.778516729950606
FOODS_3_564_CA_4_validation,0.448504978904123,0.6916338517150049,0.4745269154077192,1.6311368209341337,0.5135416216524274,0.8235240719033076,0.7116218366003686,0.2510105675153323,0.410965656131431,0.296088175073683,1.279453779918741,0.435106029636317,0.8561724281654779,0.9419846904591114,0.7918471729550154,0.5940325566865381,0.5662463062219245,0.9621827902405392,0.479113797703308,0.5431257044383443,0.663086904239011,0.647466100651176,0.368801112700499,0.368801112700499,0.7714834195525884,0.6374216640317734,0.7963015300318095,0.7359278285625978
FOODS_3_573_CA_1_validation,2.8687461913354326,5.831601569573845,3.993822024118768,3.76763992866504,6.248091709340095,6.795433822998307,5.916072236674239,4.421230293250554,6.283172471300922,3.273068881926117,3.80255982465487,4.925598567331709,6.325910478402959,5.4784484331083805,5.008648036215281,6.147857745976382,2.0675765621748723,3.99110962216242,3.5513147825912537,5.030508519331191,5.286055086201142,3.762091597837905,4.115390532468667,2.836380565471067,4.027599519921791,5.469429567827549,5.158831219347412,6.502729724900575
FOODS_3_583_TX_1_validation,1.0850058742389108,0.9831335879184386,0.6949931916675985,0.8653302767781301,1.1763287563015314,1.0550562616945238,1.351273945850714,0.8669282442249645,1.1460418731593165,0.8454893959551771,0.7774907854280326,1.231395565880346,0.8481417432654068,1.3043596249763032,0.7506599334357339,0.8941113911809281,0.7295050442092408,0.4707224491685478,1.0597936958928469,0.6977011201998164,1.091001866970993,0.7494224051172734,0.7258872301029045,0.6696355662943297,0.6803112787266858,0.8655090411039624,1.0169159062358792,0.9621808262950776
FOODS_3_601_CA_1_validation,0.172647967925445,0.2118056531535516,0.2941469785638309,0.2118056531535516,0.2920608713658524,0.5273159417978025,0.4649746032810272,0.2351153584532297,0.2527426506230056,0.7281623327788407,0.3081387630175964,0.4057198251418657,0.764846523862769,0.4544444473414285,0.3050591625590206,0.2694974704851921,0.483458844487855,0.2111538705718479,0.4643007232756706,1.1249006974966809,0.3063112161612145,0.2334157951834023,0.2210644851981215,0.3549148058217883,0.2210644851981215,0.3684534647808306,0.7765718885105688,0.3108155585312216
FOODS_3_628_CA_4_validation,2.3161943687596716,1.5959234966294142,1.6056071381849522,1.6312762206925222,2.736716681200673,2.688739651499232,2.07625868912715,1.968186710290601,1.6092043802387024,2.0081272982372287,1.8578271660617556,2.7042644397775666,3.1772132831071165,2.043684612003019,1.2395063930647918,1.0617993841866342,1.4595636577453588,1.5466675900445896,2.3887144286534276,3.003546961201482,2.29220571464081,1.4733636655112616,1.2900413037564853,1.4753247193542232,1.7045140563907653,1.829449028972938,2.8492264692213434,2.2834821259877973
FOODS_3_632_WI_3_validation,1.2196533111628245,1.3370262961837895,0.9320826692165276,1.1511048335290617,1.3910539846030328,1.6574819727854735,1.5515806020137084,1.15771816347501,1.5408187295717664,1.0048813329901112,0.928993440445468,1.415088703242186,1.531914954309946,1.4026136642729865,1.075423562346731,1.9160068554527168,1.1942208200610571,1.95851677048104,1.4918633465227265,1.3597512742720617,1.8194632264741288,0.967666266762239,1.386896716396696,1.095971457428111,1.4726580093288917,1.2940668988540087,1.67937086130547,1.816393840887132
FOODS_3_633_TX_2_validation,0.6322755541837732,0.7365210922661728,0.5134906140605455,0.834854592537631,1.1205964612974972,0.7171914077040165,1.0953402488674848,0.6988797230694171,0.7752813399964045,0.6485780723080314,0.8597878020891764,0.8593782510308754,0.6326128932280831,0.7506068322071008,0.5189242499862438,0.607075418625829,0.553285991495658,0.542326054381814,0.5703101376136606,0.4014793195687186,0.5024018006169436,0.3546977580746498,0.4399438891815978,0.7281317797892582,0.545724581783158,0.5743968594911845,0.6276964336620297,0.6384327364532264
FOODS_3_765_TX_3_validation,0.8203529881828121,0.9071035838501844,1.0512195948149714,0.9547126373128948,0.7318011605663597,0.8203820463519893,0.9539159343879828,0.7135120013593125,0.8613944250667392,1.0514608432165895,1.584834642456178,0.6681073861473542,0.7856154651051697,0.7522453840922098,0.6179049907792292,0.6575583933068923,0.7500744845917722,1.4308625785715992,1.036410780820951,1.1047919967814388,1.0182863463629006,0.7243133312096063,0.8167563027879513,0.7111092241951363,1.1254612096114311,0.8695159687525487,0.9059514344427276,0.6459281599496399
FOODS_3_773_TX_2_validation,0.3928993478734213,0.5649421286074844,0.3044251525121836,0.4181751959437294,0.4021046869827797,0.5251002665255559,0.5669860538274448,0.2867751013352,0.4822575378211951,0.2841667570845564,0.3908109239447291,0.6636544370443016,0.5206415914633297,0.7345544385196345,0.3979441806081215,0.4516142364974881,0.3468799470849907,0.3853930226132596,0.7665101406777817,0.4151788826685731,0.5257824493606998,0.5691099281959551,0.2201282935860837,0.6960815111844613,0.269310488370637,0.5031256412575633,0.3389537480550617,0.5014324202896325
FOODS_3_775_WI_2_validation,0.4256521889023553,0.369780071523163,0.3842657764786805,0.3842657764786805,0.4061529608746858,0.6271982813985632,0.607939440654451,0.4299540101028397,0.5810533004132783,0.4248171413955859,0.3920582773086166,0.9184459055813072,0.502092863586301,0.4132771818252894,0.4072625515475161,0.4367060046021908,0.4814790509540247,0.7057712835219512,0.7177728925887557,0.3839351916357633,0.3360655959086536,0.3253994603583287,0.3381773305998393,0.3842657764786805,0.4978990264450923,0.4849399811509821,0.3209831906029233,0.2966613848273965
HOBBIES_1_035_WI_3_validation,0.3297895481238913,0.0709478391072622,0.2490296475253737,0.0709478391072622,0.1241706352995073,0.2472662803819489,0.396812762864112,0.2215232819283736,0.277573412079408,0.2054016363781993,0.091926240135931,0.0989049010336385,0.2023744679307129,0.2415288423469526,0.1386772579049541,0.221374017034314,0.16952139413125,0.1047722615501784,0.1298595484826461,0.1708723100729165,0.2205511775250846,0.0768626856222275,0.1224568343206497,0.0987140095910362,0.095548064694331,0.2698568911740855,0.1217128317672367,0.1523525196941042
HOBBIES_1_049_WI_1_validation,0.4801863857236473,0.1734730452664868,0.4318412455799602,0.2725872461499566,0.4602336031340958,0.4421612909223081,0.8132211657577356,0.8519369339581047,0.3450267265551772,0.2936474787871423,0.1801720825448745,0.3173888961119752,0.6197148416122309,0.6882072131065576,0.7730076252105443,0.2863279906876328,0.3607619681575834,0.1725101214353236,0.261907658269898,0.6535825824892478,0.6324258354994581,0.6059328045876695,0.3609920826219212,0.5789522954601862,0.3393039606524624,0.5343298385025945,0.831258960658571,0.694674973630391
HOBBIES_1_070_TX_1_validation,0.1505950103999024,0.1032018801211336,0.0916373411716523,0.2862005186075606,0.2510152381593016,0.1995978463660852,0.353911985335805,0.1396653389885084,0.1444531177649046,0.1296675157272291,0.2271231237047793,0.1419291619952228,0.1761192863900899,0.283525298518283,0.277567939017727,0.1040330911754598,0.1018054665178416,0.1453739610426578,0.1189522527617382,0.1238822496456185,0.1911237976181686,0.1926432558994231,0.0786016545340649,0.0786016545340649,0.0817675994307701,0.0935208161203433,0.1238822496456185,0.3239630933682366
HOBBIES_1_226_WI_3_validation,0.3951468726188433,0.3929615114511196,0.5265288877641968,0.1853849057643606,0.3939235460784523,0.2440480228012027,0.2478767136707942,0.4000379522910127,0.4788334181472111,0.493747501156018,0.2440446162327817,0.4186248409561857,0.3271206043001384,0.2791570859981458,0.4608879151055855,0.3754123584827426,0.4579605411839577,0.2684880748227126,0.3415478046019625,0.2650872003958579,0.2650872003958579,0.3636318183147877,0.4249089231371787,0.468657865374159,0.3590582903395071,0.3577331177804357,0.2650872003958579,0.2650872003958579
HOBBIES_1_329_CA_2_validation,0.8872268469550104,0.9586475788222388,1.0570849606966954,0.8844352090820439,1.1462881103781808,1.3791066142511712,1.2836632460114494,0.9932650170368272,0.891308701961504,1.149564490262062,0.8668534461838158,1.1279066407650755,1.3006340788515032,1.5382849935836178,0.9449355859510118,0.7351350418335126,1.1044986133418797,0.7240162438266202,0.8192625075318625,0.9838571673367392,1.7563567505061757,0.8484854590585311,0.8999586451673476,0.8448754825819268,0.6376041047789516,0.9642304466072056,0.7628517556723488,1.4392354905861726
HOBBIES_1_357_TX_3_validation,0.105472809080444,0.2740716085478309,0.0959898001297193,0.0959898001297193,0.1351469726644749,0.1575679055011788,0.2912373782226834,0.1195426946827319,0.4171227546063233,0.1224554357358147,0.1202278110781965,0.1272064719759037,0.1656861433104814,0.2225818288161108,0.1178685590842514,0.2716278121639737,0.2848134744648761,0.2766062474689247,0.1233047117198052,0.1412703952412727,0.1455599421809832,0.105472809080444,0.1622292791892932,0.2139879692171475,0.3805052386857778,0.122473500665479,0.3370616920241804,0.1412703952412727
HOBBIES_1_359_CA_1_validation,0.2154761331613016,0.205993124210577,0.2313559107581253,0.3035905653028051,0.4433687386702562,0.4814791803581101,0.4847762763340312,0.1942118543762793,0.1917297130251251,0.1917297130251251,0.4334698250286024,0.3588478255071547,0.4121532347575592,0.4072022546948757,0.1871428363735618,0.1776598274228372,0.175432202765219,0.2945083057154201,0.3022267391807732,0.347547778599586,0.347547778599586,0.1931776554115788,0.1836946464608542,0.3527873399875904,0.2221679550366544,0.2326913938048926,0.2861449236927069,0.3010783600848172
HOBBIES_1_380_WI_3_validation,0.2419878045315429,0.2232452344550892,0.2392389029132827,0.2723974178212193,0.2895771817626617,0.2964558027512806,0.2666980399744962,0.2177571575406633,0.2233994084245791,0.2118348694750977,0.2096072448174795,0.2210457231868867,0.2551335010250148,0.2178050024877575,0.1758585417125121,0.3489062584499898,0.1677160705399285,0.5267440804945042,0.5610957023221079,0.3995264136683774,0.2037351168854695,0.1643014443136308,0.4429020363547241,0.3364684062167773,0.4113134603003294,0.4375754350705202,0.3166728500338805,0.2037351168854695
HOBBIES_1_411_CA_1_validation,0.1920849855530068,0.1826019766022822,0.1826019766022822,0.1710374376528007,0.7921072925951739,0.2839465320788885,0.2866698874839538,0.3681400097659655,0.1790725042170716,0.1790725042170716,0.1768448795594534,0.7561517447781781,0.2736342008463663,0.2686832207836828,0.6471639617991941,0.5412281842254191,0.1627749939571655,0.3426647701006308,0.5036304548237412,0.2546133351813949,0.2546133351813949,0.6301495314365223,0.4109286135168771,0.5333465617915174,0.26443538115316,0.3169569254083642,0.2811113105229867,0.2811113105229867
HOBBIES_2_039_WI_2_validation,0.1277256880585743,0.0703018463302217,0.0703018463302217,0.1218108415436093,0.1031358485407999,0.3155359141380182,0.1301217782952833,0.1003852919506908,0.1034799982497271,0.0904443116121397,0.1159828574382954,0.264119593278308,0.2515849943095422,0.1521123043809455,0.0994373910311909,0.0935225445162255,0.2378166957794507,0.0725294709878399,0.2089211977115158,0.1163187474899625,0.2872512632145175,0.0762166928451871,0.0703018463302217,0.4941924153454818,0.0703018463302217,0.1367300031298875,0.112029200550252,0.2249669336986632
HOBBIES_2_078_WI_3_validation,0.1896405065460162,0.077292029893104,0.1583171109903536,0.0920776319307795,0.2907790777219659,0.1166976281785609,0.7157769034563206,0.130166491029265,0.0843988085374347,0.0875647534341399,0.0821711838798165,0.309826060610489,0.2938987642891236,0.4981870680304251,0.1438920418900859,0.1205449869149245,0.0852494167839023,0.0780485068626163,0.3674200810265433,0.2435216562110267,0.4414312399287223,0.2115009189079574,0.2055860723929921,0.2055860723929921,0.1927583488315038,0.5746787807425987,0.2829538134704902,0.2837800672803816
HOBBIES_2_082_WI_3_validation,0.1295431577857056,0.1940947167586978,0.1236283112707405,0.1236283112707405,0.1784254774520355,0.1830173268802359,0.189557321317327,0.1380294638311012,0.1576626077939187,0.1544966628972135,0.299201226447643,0.1562091342464839,0.189557321317327,0.1807897022226177,0.1403606644173018,0.1344458179023365,0.2862579363688316,0.2636266677594698,0.1563127101750663,0.1723033961772221,0.1723033961772221,0.1295431577857056,0.1236283112707405,0.2613990431018516,0.3475607193119556,0.1454952035434701,0.1723033961772221,0.1723033961772221
HOBBIES_2_120_TX_3_validation,0.641662980780105,0.5966360729060867,0.6608014754918713,0.7373677027619551,0.5120433451541533,0.922675253640907,0.8395914518147998,0.4727870882710333,0.3984409429259157,0.6343435651233857,0.8135678626707488,0.5697872818995501,0.9425044472229888,0.8709323978007101,0.7271648317339422,0.8614859400361934,0.5114007921118506,0.8393029236916206,0.7706659874132855,0.8218076032089245,0.9683808498212154,0.7249823240099925,1.0103183459325678,0.5587816989882125,0.617066023186953,0.4752438098275701,0.7068622591304623,0.9136403999180298
HOBBIES_2_126_CA_3_validation,0.4797909073209236,0.6080786302013106,0.8241379404481199,0.6336196191967447,0.5243455589107707,0.5615003358222719,0.9618437906449492,0.5182004937573478,0.7065926000456566,0.9036823748275006,0.7072431713299838,0.6665597840796524,0.7222904425177773,1.0038636339182874,0.6679978186627735,0.7175421024122814,0.8938096556968322,0.6639787391744109,0.7160234627794537,0.5956129683018812,0.6639194717604169,0.6326577045949467,0.5777162260033593,0.8310507988703684,0.6045900798739928,1.0294348178750563,0.7988129782987272,0.8464646630068168
HOUSEHOLD_1_025_WI_1_validation,2.243524405147402,2.0030902441183125,2.123296907379725,2.024451009949119,2.9261259908131536,3.4916665034889465,3.1736767586052923,2.188964062853211,1.7489241471528336,1.932596351954908,1.5148177927610265,2.2263758126296977,2.973821343454983,2.843643474816231,2.170672346889574,1.5081266415497958,1.7484861752681835,2.024284755300663,1.6750710643692794,2.965572984596682,3.070740926481438,2.263971760909496,1.3070603954143865,1.8360144577563768,1.9294431167431307,1.5640629015935743,3.396488542280245,3.3737576914320835
HOUSEHOLD_1_060_WI_3_validation,0.1972230386517625,0.074710084407959,0.074710084407959,0.074710084407959,0.3375805396405619,0.1759442351842798,0.1782870102949929,0.166687050482149,0.1350563027203263,0.3479735942238912,0.5022134105775924,0.3080859709009922,0.574797809557704,0.1565192085051396,0.1253217657093701,0.1156896994049271,0.212840338065547,0.2154506079980687,0.187417492883706,0.2420222768918581,0.1199906795195124,0.0816955442898813,0.074710084407959,0.1262190796213464,0.1262190796213464,0.0973349728555076,0.1872322274920628,0.1199906795195124
HOUSEHOLD_1_085_CA_1_validation,0.144186201987716,0.1318348920024352,0.3901454887472256,0.1318348920024352,0.1894583576431893,0.2396003181079287,0.2217011173675283,0.1498474242913335,0.1436216615007829,0.2895324495987147,0.1364324031402146,0.1698900384943326,0.208665430729941,0.2045897710720975,0.3376362290936667,0.1186914448469927,0.1572654038373484,0.1329814584787594,0.168496336261773,0.1826717990426985,0.1826717990426985,0.4200690235947835,0.1155781422766539,0.1040136033271723,0.1040136033271723,0.129218269154884,0.395672485819487,0.1711072600932171
HOUSEHOLD_1_097_CA_3_validation,0.6361963580003532,0.4233240174691131,0.4516226305939532,0.386096982018862,0.4118602377364398,0.7713433063273483,0.8820504902536968,0.5538677690432767,0.4398754025532915,0.4809057217052363,0.5863701476730037,0.482976687758161,0.8062260572006347,1.0161779554088402,0.6953374609177789,0.4848561312890067,0.5864728802469885,0.5576653730916765,0.4837548586951016,0.5702674216343959,0.7155783772191945,0.5180322507343372,0.3912774463348473,0.7718823137187516,0.4287697881865313,0.3842874971620561,0.8138839362392691,0.5193438908693275
HOUSEHOLD_1_132_TX_2_validation,1.458252797969262,1.827936603429695,1.3536727471245429,1.1988983026905469,1.249761057742841,2.0202876825768694,1.4764455341070728,1.4688874044910272,1.7459741228737256,1.7494489432405536,1.7043683266491036,1.1158746763720495,2.138409021066454,1.243676398440705,1.3008923560476942,1.257512021724819,1.2575458112909987,1.1788536366156883,0.7721238615371994,1.5781338732872197,0.8715253532461642,1.069401257653474,0.9461439222378686,1.2847166496571352,1.2489573206818017,1.2064298451755742,1.547123493471933,1.2328166583929316
HOUSEHOLD_1_169_WI_2_validation,5.769799115850906,6.207185557014115,7.222111833903562,6.8858878888366455,8.913127889157218,9.323206025894336,9.052367656492429,8.246286564423588,8.998156821941068,7.158225665658291,6.175768370890307,9.80725226194745,8.579986461096468,5.288330719783401,7.120588176165678,9.482795337599573,6.211282280556863,7.616847833893486,8.894020229918658,7.37379088055041,6.7993841126953765,7.085190014715034,7.413602903138447,5.0968200641975985,5.4929375785439065,7.725319912279842,6.185776636609421,7.034844681556838
HOUSEHOLD_1_220_TX_1_validation,1.2588754766984558,1.1841305295818216,0.9674505477341704,0.9996175166583778,0.8177976057870967,1.0008863168539937,0.9242475392182286,1.0584414706618614,1.2168323979260844,1.0465368340286323,1.0501739004517352,0.7704221796787729,1.0974456515239703,0.990879820583772,0.9066926132054096,0.992279514250133,0.9220727611402674,1.0935779644302048,1.1205419460038373,1.0657394702085004,1.18485993307683,0.9776356086357464,0.8162294483441429,0.7889662432155954,0.9300780738644968,1.1470623957038428,0.8299137602174247,1.1827499016568628
HOUSEHOLD_1_292_TX_3_validation,1.6509695062862688,1.249110823486197,1.0199360084769196,1.161349529995142,1.7903846761079183,2.124003974046665,1.680473477618068,2.0220860875537814,1.207728600479807,1.378406874495656,1.4440071252892352,2.1386212289900683,2.2188908043230824,1.8180425903865232,2.086168001866588,1.0910498969433198,1.1832220143552723,1.2144015959287808,2.1054258377782946,1.5678960553238834,1.7674872434240112,1.530806792746361,1.0312368458625365,1.2787696780989637,1.207000550531708,1.791005403306876,1.8764642074933409,2.472731611997483
HOUSEHOLD_1_303_CA_2_validation,4.0574175497496,3.832716206424553,2.9958086064613845,3.56081235647069,4.894663935306845,7.110827337421018,8.595285158531007,5.368920426441464,4.493265380256318,4.394099598827709,4.013231005328624,4.725367815027959,9.926779556109292,14.44246083277884,5.433461899085626,4.3562107841951345,5.1071356656623585,4.087876753038024,5.637951901898592,11.13860639568187,12.438449199117782,5.157022255179209,3.8538710806673455,4.61961407311402,3.668139853538149,5.11772796986466,9.941937976425235,9.378180361772635
HOUSEHOLD_1_313_WI_1_validation,0.4633290948507326,0.6280061999867267,0.6091289200486472,0.610831990452592,0.936315039421948,0.9490515262828616,1.200327444110756,0.7392829596923721,0.6182431253695112,0.7820934896082006,0.5957674629194437,0.9392190322663466,1.029821620172153,1.4053155364032497,0.9287722216218932,0.9791642275690048,1.1079381641907076,0.7748287427764867,1.048867361620932,1.4167048361025838,1.3666044256984455,0.804053921923367,1.0024877302723276,0.8818347977203889,0.6201360790111731,0.8219414444031846,0.9748329179669736,1.1321318390846713
HOUSEHOLD_1_351_CA_3_validation,11.906188797979189,10.72285396281232,11.034671708373924,10.417776837039884,11.01889433308505,13.751622916354505,13.503795274158724,13.776114113160723,11.79194834481152,10.37099662939837,12.001758474779203,11.03975839350372,11.742947108855988,14.37682048295751,9.7300322812266,11.31403289560484,10.402332669379998,11.308767706333397,11.342452675908698,10.915154778576118,17.703173227265147,11.420416154078154,9.089344305159994,8.458420924150225,10.544627982234042,11.728544779456255,12.347888529094377,16.573621873536027
HOUSEHOLD_1_399_CA_2_validation,6.0921853684617,4.500059511748244,7.828524534516064,5.425360838825761,6.477241953854241,8.771347601268204,8.479576952889476,6.136332796126128,4.861261367911187,8.424796863667986,4.080592054758008,6.070459676688205,7.597445097559194,7.885994164755905,5.99642192339021,6.741420512213363,7.323908188183021,6.837520678610383,7.43216002823374,7.371498411113526,6.894636271289909,4.940746575390227,5.9031846264387795,5.776321143757252,5.687462018472888,6.691999695226943,7.173524822763811,7.529593944402462
HOUSEHOLD_1_421_CA_3_validation,2.336789180156649,2.1330971418163864,2.047613809507464,2.1814108950723266,2.8912540267004254,3.3849198350503524,3.616174509722111,2.810292506814537,3.097938550479396,2.6024360077746587,2.0685390779888975,2.806224526744261,3.397278974551821,3.814358641989465,2.3790166741737697,2.535728871248099,2.3479642108102468,2.058654953566538,3.033213864988227,3.1312399529158093,2.870723397763468,2.0487218145510693,2.375451811938377,2.278247950302331,2.105067801008992,2.9234161792556934,3.5122164688510566,2.5626765585219444
HOUSEHOLD_1_435_CA_1_validation,0.3966512175966952,0.1259893108666237,0.1259893108666237,0.1259893108666237,0.6306795773219364,0.2337547369721176,0.3565029633725319,0.3100598152394255,0.1655973690402348,0.1655973690402348,0.1584081106796665,0.4807409067551961,0.2306411382693928,0.2938070265840993,0.1877282836685685,0.3472606266478375,0.334143743537165,0.33637667412168,0.3233471452615691,0.2046475065821503,0.233003146609448,0.3356111009962884,0.6286833063821082,0.2324229410045709,0.2324229410045709,0.2062895737422152,0.2246797654179668,0.2046475065821503
HOUSEHOLD_1_437_WI_3_validation,1.331034769044655,1.0329479692528114,1.039076780447338,1.0020517982907826,0.9700494814840523,2.944283173368585,2.343298525001966,1.3412353267889232,0.925845877170495,1.0441229474014306,1.0087093737232828,1.0771005028093612,3.2066613753511244,2.2769830654347465,1.4575156116234556,0.9503162629933832,0.96201906105849,0.9815502066180104,1.0222517588045028,3.1169207561593715,2.195840363521613,1.4110386639430152,0.9893531935160312,0.8146239466417673,0.8314823920603174,0.8703841146592389,2.4262341025183316,1.7797677858560557
HOUSEHOLD_1_494_TX_1_validation,3.2656501005685636,2.7227416336381616,2.6469688007679277,2.9261728477439575,3.0991092374781815,3.71293034873176,4.88296379102806,3.069661387096688,3.5591868309616768,2.954018965923623,3.2561871285091666,3.0852017101100913,4.0339172302852795,4.375014328524497,3.666364701772044,3.6552105358199,2.7371266740532114,2.963570429563634,2.9246398130220777,3.8144552229445527,5.207268087334197,3.366618552409984,3.1624219567572815,2.6428116940021704,2.6856608601730607,2.7926436796466456,3.261274732360932,5.204864181070562
HOUSEHOLD_1_509_WI_2_validation,0.8033751162650055,0.9509900626055472,1.2239415231620463,0.8256446860709655,1.117105708163245,1.490910717157229,1.6243988456561742,1.42664659953177,1.5278197048547628,1.910847116137772,1.037276999602622,1.6076424485266767,1.6791316588895318,1.4473138734559392,1.1053689016563506,1.1561537384585026,1.2817968286892254,1.3049697750112776,1.524044225784045,1.3236844913676085,1.2824289651029517,1.14563827924512,1.0289669512238035,1.0259715240952687,0.9615968008897944,1.0982680131319926,1.4211484875614504,1.209605063245469
HOUSEHOLD_1_541_CA_2_validation,2.086429761549719,2.0603839058453493,2.2652443668194735,1.6948977083973442,2.8035006688627258,3.3927551307307984,4.161347395745401,3.0590885254030087,2.349854975341859,2.4474810421024187,1.8164792569763395,2.8134837541268047,4.1188762836301995,3.9762784087419303,3.3200776610411555,2.4272896470956424,2.440298211467279,1.6276514872701864,2.408820870550067,2.80055557472105,2.809002798413978,2.456861144324985,1.8582088191423405,1.8214486670229355,1.269975448955418,1.4714060930321151,2.1430079049995228,2.062070984183398
HOUSEHOLD_2_107_TX_2_validation,0.0868392915466404,0.0773562825959158,0.1288652778093032,0.0773562825959158,0.2351031823837936,0.1330043712130094,0.1403830182550268,0.095325597592036,0.0974987478778338,0.1122292317240203,0.1068356621696969,0.1544983700985954,0.1403830182550268,0.1307767465553911,0.0984954507831628,0.0890124418324382,0.0867848171748199,0.2576956217808575,0.1082211503584271,0.1222904405099956,0.1222904405099956,0.0868392915466404,0.0773562825959158,0.0773562825959158,0.1837899127338625,0.0922754441821942,0.1222904405099956,0.1222904405099956
HOUSEHOLD_2_111_WI_1_validation,0.0741364573467611,0.2460263110956431,0.0682216108317957,0.1746552409697424,0.2368332606714217,0.6145733138731724,0.4072138140380638,0.1272552478150417,0.2442443321212481,0.1329965605365989,0.187577567771481,0.1802494281629773,0.454339561552438,0.2201626523764589,0.1422081369454479,0.1760722295855626,0.1170359730354442,0.1500629595841,0.2186974405749505,0.4048467558357769,0.2543183182901983,0.1922558043956888,0.2127172848659763,0.2095513399692711,0.1863409578807235,0.2027094346627169,0.2509302830236474,0.2426069018321661
HOUSEHOLD_2_119_CA_4_validation,0.4412405630529005,0.4443206973131502,0.3557191825946266,0.441154752416445,0.3896767868482102,0.6141784183687934,0.9219316402568144,0.5282168555769302,0.5130608801347903,0.4180516165149326,0.5993418564804698,0.4077380236400812,0.7124940644753972,0.866401376086242,0.3973357655715736,0.4872299903364923,0.3594868947954273,0.508922380681869,0.3854698700850423,0.6977825711230021,0.8955057168423685,0.4398511658602482,0.4082834862044204,0.419192464221945,0.5484386931896127,0.2701926950629876,0.4637691068710214,0.8328125545329027
HOUSEHOLD_2_185_WI_1_validation,0.4523275272038706,0.093327237564564,0.093327237564564,0.1448362327779514,0.1877529703290394,0.5066319896285896,0.2731065854502612,0.4455881801034347,0.181723978352761,0.181723978352761,0.2058726806803958,0.1918711220186638,0.4128511288596742,0.5486940618579239,0.2802439573042734,0.1328046854763493,0.130577060818731,0.1233761508974451,0.1612165527668746,0.2603559315743913,0.4760908153545665,0.3190506651021201,0.1897826720062854,0.1897826720062854,0.169775016762545,0.1981868840530703,0.2617485293682993,0.4158070045661256
HOUSEHOLD_2_201_CA_3_validation,1.013125033198884,1.0547771240228163,1.0982620514680927,0.799628507571477,0.9843625420979688,1.0977713180515531,1.003464891755006,0.9622267399821804,1.1215981455263266,1.0330109332837047,0.8274079879561281,0.8838773562778885,0.8538331116244884,0.9135931161204056,0.9317187277384026,1.025185079557147,0.8867194241905316,0.9154005436262266,0.9615713010151944,0.8282789801112935,1.0307424589698595,0.884222060063585,0.972449663423214,0.7813736673660735,0.9002134689796977,0.8656504038317285,0.7159033319957552,0.9119977306554462
HOUSEHOLD_2_245_CA_1_validation,0.1149456055989054,0.1054625966481808,0.1054625966481808,0.1054625966481808,0.1566394525382752,0.1895466362312833,0.1951529397058166,0.1234319116443009,0.1238327183626147,0.1238327183626147,0.1216050937049966,0.1512108861844732,0.1951529397058166,0.1865726625118762,0.1277042370729285,0.118221228122204,0.1159936034645858,0.1105650371107837,0.1496344220887089,0.1780863564664806,0.1780863564664806,0.1178204214038902,0.1083374124531655,0.1083374124531655,0.1083374124531655,0.1397506064196705,0.1780863564664806,0.1780863564664806
HOUSEHOLD_2_270_WI_1_validation,0.2505548660171112,0.1732689493762448,0.0668353192382981,0.1732689493762448,0.1667634575828099,0.4840377363898344,0.2325740364589955,0.20404878233279,0.1553509553621977,0.0985423234696975,0.3243942166232179,0.1426740947458026,0.3468713226126533,0.1587499612991779,0.1527794958317675,0.1132542211568236,0.1078606516025001,0.2321311923991719,0.2994653741507233,0.4259036791737451,0.3370656164290422,0.1606807404194833,0.143283098436279,0.143283098436279,0.2961490147155336,0.2608101261776045,0.3361699755666421,0.3278465943751609
HOUSEHOLD_2_291_TX_3_validation,0.1930214271038294,0.077104788015158,0.077104788015158,0.077104788015158,0.1099387902257362,0.1295460729382022,0.1369247199802196,0.1465830982246656,0.097247253297076,0.097247253297076,0.0950196286394578,0.1027378803044502,0.3270393350131433,0.127318448280584,0.1062138204786668,0.0887609472516804,0.0865333225940622,0.0793324126727762,0.1036801088379589,0.2317698753835995,0.1188321422351884,0.0865877969658827,0.077104788015158,0.077104788015158,0.077104788015158,0.0920239496014364,0.1860736902077386,0.1188321422351884
HOUSEHOLD_2_307_CA_3_validation,0.1511769394132834,0.1796777362327559,0.144914993550753,0.144914993550753,0.3009110973344596,0.3064913851983241,0.3103474771315966,0.2531823669205387,0.2269838392849634,0.2269838392849634,0.3455047631904833,0.1904503249803164,0.232642166960399,0.2297436605749293,0.1593463964238341,0.1498633874731095,0.1360353709832368,0.2356054361032215,0.1560547036299844,0.189442059754438,0.189442059754438,0.1396124004638021,0.1301293915130775,0.11709370487549,0.1686027000888775,0.1380706230700406,0.1764063731168506,0.1764063731168506
HOUSEHOLD_2_316_TX_2_validation,0.2873806524776431,0.3201241400164821,0.5740893157935014,0.4292345522145247,0.4945242719104079,0.5305747850930678,0.4830131070226402,0.467496603972768,0.3206335853374384,0.5122523868048051,0.3296413447410701,0.3064787674157647,0.5521424505451196,0.2719642855065407,0.3418270729325487,0.3597449075293736,0.3672191292740123,0.2462947884168901,0.3058149988225977,0.6162890188516643,0.4098516397373956,0.5341332838485535,0.58926851311774,0.2811095380457091,0.2609334776983827,0.2407379751431149,0.6054961604856446,0.3661053076200715
HOUSEHOLD_2_369_TX_1_validation,0.4637212224308395,0.2519079741815537,0.3403821344554909,0.2462377300325411,0.2801953342861243,0.3953997038575425,0.5037873709471966,0.405331540695426,0.3499008692148874,0.4356076518041035,0.2989218734732876,0.2978039360925618,0.3362803227080417,0.683734167840777,0.2653559263459451,0.368001453832075,0.3043590980771541,0.2403495562633679,0.2646972524285504,0.4149013823460477,0.718906931721895,0.2190829585779494,0.2802909616534128,0.2843364475586687,0.2811705026619636,0.1543547935818005,0.2941007193639635,0.9994588598823284
HOUSEHOLD_2_391_TX_1_validation,0.0560091026511861,0.0999101266371623,0.0484011314237745,0.2247223232554806,0.0765691826018779,0.0922183409074574,0.0995969879494748,0.0644954086965819,0.0717095416023981,0.0685435967056929,0.1775637436327244,0.0693682726805919,0.0995969879494748,0.281787639762501,0.0676652618877088,0.060057290660297,0.0578296660026788,0.1021377512947805,0.0703105012141005,0.0815044102044436,0.1944421433528546,0.0560091026511861,0.0484011314237745,0.2247223232554806,0.2278882681521858,0.0586543419775778,0.275535090400945,0.1487459581769938
HOUSEHOLD_2_490_CA_2_validation,2.3967940862200625,2.179358374682108,1.977851988759273,1.6715868718411375,1.995224999510234,2.8596342881939756,4.0778786591355,2.6782373998109588,2.44547140744317,2.0016976131917628,1.9038217803464912,2.115370420322009,2.8905993803751193,3.881215502842416,2.2848316917422733,2.1354675739745836,1.7905585436537994,1.6104893512748746,2.1720061217222666,2.920425785044238,5.212337146188825,2.289491917788427,1.99552467796884,1.588100748759335,2.034623396768308,2.2310610091650305,3.305064444716625,5.7341767222323226
