id,2016-01-25,2016-01-26,2016-01-27,2016-01-28,2016-01-29,2016-01-30,2016-01-31,2016-02-01,2016-02-02,2016-02-03,2016-02-04,2016-02-05,2016-02-06,2016-02-07,2016-02-08,2016-02-09,2016-02-10,2016-02-11,2016-02-12,2016-02-13,2016-02-14,2016-02-15,2016-02-16,2016-02-17,2016-02-18,2016-02-19,2016-02-20,2016-02-21,2016-02-22,2016-02-23,2016-02-24,2016-02-25,2016-02-26,2016-02-27,2016-02-28,2016-02-29,2016-03-01,2016-03-02,2016-03-03,2016-03-04,2016-03-05,2016-03-06,2016-03-07,2016-03-08,2016-03-09,2016-03-10,2016-03-11,2016-03-12,2016-03-13,2016-03-14,2016-03-15,2016-03-16,2016-03-17,2016-03-18,2016-03-19,2016-03-20,2016-03-21,2016-03-22,2016-03-23,2016-03-24,2016-03-25,2016-03-26,2016-03-27,2016-03-28,2016-03-29,2016-03-30,2016-03-31,2016-04-01,2016-04-02,2016-04-03,2016-04-04,2016-04-05,2016-04-06,2016-04-07,2016-04-08,2016-04-09,2016-04-10,2016-04-11,2016-04-12,2016-04-13,2016-04-14,2016-04-15,2016-04-16,2016-04-17,2016-04-18,2016-04-19,2016-04-20,2016-04-21,2016-04-22,2016-04-23,2016-04-24
FOODS_1_047_TX_3_validation,1,1,0,2,1,5,0,1,1,1,1,0,1,1,1,0,0,0,1,0,0,0,0,0,0,0,1,0,1,0,0,0,0,0,0,0,0,4,0,0,0,0,1,0,0,1,0,2,1,0,0,3,1,0,0,1,0,1,0,0,0,0,2,0,0,0,0,1,2,1,2,0,0,1,0,0,0,0,1,0,0,0,0,0,0,0,0,0,0,3,1
FOODS_2_011_CA_3_validation,1,0,0,0,0,0,0,0,0,0,0,0,0,0,0,0,0,1,2,2,0,0,0,1,1,2,1,0,0,1,0,0,4,0,0,0,0,0,0,0,0,0,0,0,0,3,2,0,1,0,2,2,0,2,0,0,0,0,0,0,2,0,1,1,0,0,0,3,3,0,1,0,2,0,4,3,0,3,3,0,0,3,1,2,1,0,0,0,0,1,0
FOODS_3_452_TX_3_validation,0,0,0,0,0,0,0,0,2,0,0,0,0,0,0,2,0,0,0,0,0,0,0,0,1,0,1,1,0,0,0,1,0,0,0,0,1,1,0,0,2,0,0,0,1,1,1,1,1,1,1,0,0,0,0,0,2,0,1,0,0,0,0,0,0,0,0,0,0,0,0,0,0,1,0,0,0,0,0,0,2,1,0,0,0,0,0,0,0,0,0
HOBBIES_1_207_TX_3_validation,0,0,1,0,1,0,0,0,0,0,0,0,1,0,0,0,0,0,0,0,0,0,1,0,1,0,0,0,0,0,0,0,0,0,0,0,0,0,0,0,1,0,0,0,0,0,2,0,1,0,0,1,0,0,0,0,0,0,0,0,2,1,0,0,0,1,1,0,0,0,1,0,1,0,0,0,0,2,0,0,0,0,0,0,1,1,1,0,0,0,0
HOBBIES_2_046_WI_1_validation,0,0,0,0,0,0,0,0,0,0,0,0,0,0,0,0,0,0,0,3,0,0,0,0,0,0,0,0,0,0,0,0,0,1,0,1,0,0,0,0,0,1,0,0,0,0,0,0,0,0,0,0,0,0,0,0,1,1,0,0,0,0,0,0,0,0,0,0,0,0,0,0,0,0,0,0,0,0,0,0,0,0,0,1,0,0,0,0,0,0,0
HOUSEHOLD_1_119_CA_4_validation,3,0,1,1,0,2,1,1,2,0,3,0,0,0,4,0,3,1,0,0,1,1,1,0,1,1,1,1,1,2,1,2,0,1,1,1,0,2,1,1,1,1,2,1,1,1,0,2,1,2,0,0,0,2,1,2,1,2,4,1,2,1,0,0,2,2,0,0,1,1,4,2,0,0,0,3,0,2,1,0,0,1,1,3,0,2,0,0,5,4,1
HOUSEHOLD_1_221_CA_1_validation,0,1,0,3,1,0,1,1,0,0,0,0,1,1,1,1,0,0,0,0,0,0,0,2,0,1,0,0,1,0,1,0,0,0,1,0,0,2,1,0,0,0,1,2,1,0,0,0,0,2,1,2,1,2,1,1,0,0,1,1,0,0,1,0,0,1,0,0,0,1,0,0,0,0,1,1,3,0,1,1,2,0,0,1,0,1,0,0,0,1,0
HOUSEHOLD_1_435_TX_3_validation,0,0,0,0,0,1,0,0,0,0,0,1,0,0,1,5,1,1,0,0,1,0,0,0,0,0,0,1,1,0,0,0,1,0,3,3,2,3,0,0,0,0,4,0,0,0,1,0,1,0,1,2,1,2,2,2,0,0,0,2,1,0,0,1,1,0,1,0,2,0,1,2,0,1,1,0,1,1,0,1,0,0,0,3,0,1,0,1,1,0,1
HOUSEHOLD_2_084_WI_3_validation,0,0,0,0,0,0,0,0,0,1,0,0,0,0,0,0,0,0,0,1,1,1,1,0,0,0,0,0,0,0,0,0,0,0,0,0,0,0,0,0,0,1,0,0,0,0,0,0,1,0,0,0,0,1,0,1,0,1,0,0,0,0,1,0,0,0,0,1,1,1,0,0,0,0,0,0,0,0,0,0,1,0,2,0,0,0,1,1,0,1,0
HOUSEHOLD_2_392_CA_2_validation,0,0,0,0,0,0,0,0,0,0,1,0,0,0,0,0,0,0,0,1,0,0,0,0,0,0,1,0,0,1,0,0,0,1,0,0,0,0,0,0,0,0,0,0,0,0,0,0,0,0,0,0,0,0,0,0,0,0,0,0,0,0,1,0,0,0,0,0,0,0,0,0,1,0,0,0,0,0,0,0,0,0,0,0,0,0,0,0,0,0,0
